Numer stojaka;Numer zamówienia klienta;Numer zamówienia dostawcy;Pozycja;Szerokosc;Wysokosc;Sztuk;Zlecenie;Zespolenie;Numer seryjny;Kod klienta;
3072023854;02458 AKR 8 GRUDZIEÑ;23957;74;1078;1240;1;3      53407 poz.3;Optifloat Clear 4\AL 16\Argon\Optitherm SI3 4;20943129;;
3072023854;02458 AKR 8 GRUDZIEÑ;23957;76;1078;1240;1;4      53407 poz.4;Optifloat Clear 4\AL 16\Argon\Optitherm SI3 4;20943131;;
3072023854;02458 AKR 8 GRUDZIEÑ;23957;42;1073;1305;1;5      53405 poz.5;Optifloat Clear 4\AL 16\Argon\Optitherm SI3 4;20943093;;
3072023854;02458 AKR 8 GRUDZIEÑ;23957;3;1696;1055;1;1      53297 poz.1;Optifloat Clear 4\AL 16\Argon\Optitherm SI3 4;20943054;;
3072023854;02458 AKR 8 GRUDZIEÑ;23957;34;1018;1225;1;1      53405 poz.1;Optitherm SI3 4\AL 12\Argon\Optifloat Clear 4\AL 12\Argon\Optitherm SI3 4;20943085;;
3072023854;02458 AKR 8 GRUDZIEÑ;23957;36;1018;1225;1;2      53405 poz.2;Optitherm SI3 4\AL 12\Argon\Optifloat Clear 4\AL 12\Argon\Optitherm SI3 4;20943087;;
3072023854;02458 AKR 8 GRUDZIEÑ;23957;38;1258;990;1;3      53405 poz.3;Optifloat Clear 4\AL 16\Argon\Optitherm SI3 4;20943089;;
3072023854;02458 AKR 8 GRUDZIEÑ;23957;40;985;1305;1;4      53405 poz.4;Optifloat Clear 4\AL 16\Argon\Optitherm SI3 4;20943091;;
3072023854;02458 AKR 8 GRUDZIEÑ;23957;30;970;1295;1;1      53404 poz.1;Optifloat Clear 4\AL 16\Argon\Optitherm SI3 4;20943081;;
3072023854;02458 AKR 8 GRUDZIEÑ;23957;43;968;1201;1;5      53405 poz.5;Optifloat Clear 4\AL 16\Argon\Optitherm SI3 4;20943094;;
3072023854;02458 AKR 8 GRUDZIEÑ;23957;11;934;1295;1;1      53388 poz.1;Optifloat Clear 4\AL 16\Argon\Optitherm SI3 4;20943062;;
3072023854;02458 AKR 8 GRUDZIEÑ;23957;59;922;1295;1;5      53406 poz.5;Optifloat Clear 4\AL 16\Argon\Optitherm SI3 4;20943110;;
3072023854;02458 AKR 8 GRUDZIEÑ;23957;60;922;1295;1;5      53406 poz.5;Optifloat Clear 4\AL 16\Argon\Optitherm SI3 4;20943111;;
3072023854;02458 AKR 8 GRUDZIEÑ;23957;33;913;1201;1;1      53405 poz.1;Optitherm SI3 4\AL 12\Argon\Optifloat Clear 4\AL 12\Argon\Optitherm SI3 4;20943084;;
3072023854;02458 AKR 8 GRUDZIEÑ;23957;35;913;1201;1;2      53405 poz.2;Optitherm SI3 4\AL 12\Argon\Optifloat Clear 4\AL 12\Argon\Optitherm SI3 4;20943086;;
3072023854;02458 AKR 8 GRUDZIEÑ;23957;94;863;1055;1;5      53409 poz.5;Optifloat Clear 4\AL 16\Argon\Optitherm SI3 4;20943149;;
3072023854;02458 AKR 8 GRUDZIEÑ;23957;18;861;1055;1;1      53402 poz.1;Optifloat Clear 4\AL 16\Argon\Optitherm SI3 4;20943069;;
3072023854;02458 AKR 8 GRUDZIEÑ;23957;25;861;1055;1;4      53402 poz.4;Optifloat Clear 4\AL 16\Argon\Optitherm SI3 4;20943076;;
3072023854;02458 AKR 8 GRUDZIEÑ;23957;39;853;1201;1;4      53405 poz.4;Optifloat Clear 4\AL 16\Argon\Optitherm SI3 4;20943090;;
3072023854;02458 AKR 8 GRUDZIEÑ;23957;41;853;1201;1;4      53405 poz.4;Optifloat Clear 4\AL 16\Argon\Optitherm SI3 4;20943092;;
3078022561;02458 AKR 8 GRUDZIEÑ;23957;5;611;1055;1;2      53297 poz.2;Optifloat Clear 4\AL 16\Argon\Optitherm SI3 4;20943056;;
3078022561;02458 AKR 8 GRUDZIEÑ;23957;37;613;951;1;3      53405 poz.3;Optifloat Clear 4\AL 16\Argon\Optitherm SI3 4;20943088;;
3078022561;02458 AKR 8 GRUDZIEÑ;23957;51;600;1305;1;2      53406 poz.2;Optifloat Clear 4\AL 16\Argon\Optitherm SI3 4;20943102;;
3078022561;02458 AKR 8 GRUDZIEÑ;23957;19;601;951;1;2      53402 poz.2;Optifloat Clear 4\AL 16\Argon\Optitherm SI3 4;20943070;;
3078022561;02458 AKR 8 GRUDZIEÑ;23957;21;601;951;1;3      53402 poz.3;Optifloat Clear 4\AL 16\Argon\Optitherm SI3 4;20943072;;
3078022561;02458 AKR 8 GRUDZIEÑ;23957;47;582;1201;1;1      53406 poz.1;Optifloat Clear 4\AL 16\Argon\Optitherm SI3 4;20943098;;
3078022561;02458 AKR 8 GRUDZIEÑ;23957;48;582;1201;1;1      53406 poz.1;Optifloat Clear 4\AL 16\Argon\Optitherm SI3 4;20943099;;
3078022561;02458 AKR 8 GRUDZIEÑ;23957;63;580;1191;1;7      53406 poz.7;Optifloat Clear 4\AL 16\Argon\Optitherm SI3 4;20943114;;
3078022561;02458 AKR 8 GRUDZIEÑ;23957;64;580;1191;1;7      53406 poz.7;Optifloat Clear 4\AL 16\Argon\Optitherm SI3 4;20943115;;
3078022561;02458 AKR 8 GRUDZIEÑ;23957;53;578;1230;1;3      53406 poz.3;Optifloat Clear 4\AL 16\Argon\Optitherm SI3 4;20943104;;
3078022561;02458 AKR 8 GRUDZIEÑ;23957;6;572;951;1;1      53347 poz.1;Suncool 70/35 4\AL 16\Argon\Optifloat Clear 4;20943057;;
3078022561;02468  AKR 9 GRUDZIEÑ;24288;12;400;969;6;3      53364 poz.3;Optifloat Clear 4\AL 16\Argon\Optitherm SI3 4;20943036;;
3078022561;02458 AKR 8 GRUDZIEÑ;23957;56;593;1230;1;4      53406 poz.4;Optifloat Clear 4\AL 16\Argon\Optitherm SI3 4;20943107;;
3078025142;02468  AKR 9 GRUDZIEÑ;24288;1;668;969;1;1      53363 poz.1;Optifloat Clear 4\AL 16\Argon\Optitherm SI3 4;20942995;;
3078025142;02468  AKR 9 GRUDZIEÑ;24288;3;563;950;1;1      53363 poz.1;Optifloat Clear 4\AL 16\Argon\Optitherm SI3 4;20942997;;
3078025142;02468  AKR 9 GRUDZIEÑ;24288;7;415;950;6;1      53364 poz.1;Optifloat Clear 4\AL 16\Argon\Optitherm SI3 4;20943001;;
3078025142;02468  AKR 9 GRUDZIEÑ;24288;7;415;950;6;1      53364 poz.1;Optifloat Clear 4\AL 16\Argon\Optitherm SI3 4;20943002;;
3078025142;02468  AKR 9 GRUDZIEÑ;24288;7;415;950;6;1      53364 poz.1;Optifloat Clear 4\AL 16\Argon\Optitherm SI3 4;20943003;;
3078025142;02468  AKR 9 GRUDZIEÑ;24288;7;415;950;6;1      53364 poz.1;Optifloat Clear 4\AL 16\Argon\Optitherm SI3 4;20943004;;
3078025142;02468  AKR 9 GRUDZIEÑ;24288;7;415;950;6;1      53364 poz.1;Optifloat Clear 4\AL 16\Argon\Optitherm SI3 4;20943005;;
3078025142;02468  AKR 9 GRUDZIEÑ;24288;7;415;950;6;1      53364 poz.1;Optifloat Clear 4\AL 16\Argon\Optitherm SI3 4;20943006;;
3078025142;02468  AKR 9 GRUDZIEÑ;24288;13;415;950;6;4      53364 poz.4;Optifloat Clear 4\AL 16\Argon\Optitherm SI3 4;20943037;;
3078025142;02468  AKR 9 GRUDZIEÑ;24288;13;415;950;6;4      53364 poz.4;Optifloat Clear 4\AL 16\Argon\Optitherm SI3 4;20943038;;
3078025142;02468  AKR 9 GRUDZIEÑ;24288;13;415;950;6;4      53364 poz.4;Optifloat Clear 4\AL 16\Argon\Optitherm SI3 4;20943039;;
3078025142;02468  AKR 9 GRUDZIEÑ;24288;13;415;950;6;4      53364 poz.4;Optifloat Clear 4\AL 16\Argon\Optitherm SI3 4;20943040;;
3078025142;02468  AKR 9 GRUDZIEÑ;24288;13;415;950;6;4      53364 poz.4;Optifloat Clear 4\AL 16\Argon\Optitherm SI3 4;20943041;;
3078025142;02468  AKR 9 GRUDZIEÑ;24288;13;415;950;6;4      53364 poz.4;Optifloat Clear 4\AL 16\Argon\Optitherm SI3 4;20943042;;
3078025142;02468  AKR 9 GRUDZIEÑ;24288;10;400;969;6;2      53364 poz.2;Optifloat Clear 4\AL 16\Argon\Optitherm SI3 4;20943019;;
3078025142;02468  AKR 9 GRUDZIEÑ;24288;10;400;969;6;2      53364 poz.2;Optifloat Clear 4\AL 16\Argon\Optitherm SI3 4;20943020;;
3078025142;02468  AKR 9 GRUDZIEÑ;24288;10;400;969;6;2      53364 poz.2;Optifloat Clear 4\AL 16\Argon\Optitherm SI3 4;20943021;;
3078025142;02468  AKR 9 GRUDZIEÑ;24288;10;400;969;6;2      53364 poz.2;Optifloat Clear 4\AL 16\Argon\Optitherm SI3 4;20943022;;
3078025142;02468  AKR 9 GRUDZIEÑ;24288;10;400;969;6;2      53364 poz.2;Optifloat Clear 4\AL 16\Argon\Optitherm SI3 4;20943023;;
3078031860;02482 AKR 5 GRUDZIEÑ;24647;6;853;1055;1;1      53448 poz.1;Optifloat Clear 4\AL 16\Argon\Optitherm SI3 4;20942987;;
3078031860;02482 AKR 5 GRUDZIEÑ;24647;3;801;1299;1;1      53447 poz.1;Optifloat Clear 4\AL 16\Argon\Optitherm SI3 4;20942984;;
3078031860;02482 AKR 5 GRUDZIEÑ;24647;4;713;951;1;1      53448 poz.1;Optifloat Clear 4\AL 16\Argon\Optitherm SI3 4;20942985;;
3078031860;02482 AKR 5 GRUDZIEÑ;24647;5;713;951;1;1      53448 poz.1;Optifloat Clear 4\AL 16\Argon\Optitherm SI3 4;20942986;;
3078031860;02482 AKR 5 GRUDZIEÑ;24647;10;695;1055;1;3      53448 poz.3;Optifloat Clear 4\AL 16\Argon\Optitherm SI3 4;20942991;;
3078031860;02482 AKR 5 GRUDZIEÑ;24647;1;666;1195;1;1      53447 poz.1;Optifloat Clear 4\AL 16\Argon\Optitherm SI3 4;20942982;;
3078031860;02482 AKR 5 GRUDZIEÑ;24647;2;666;1195;1;1      53447 poz.1;Optifloat Clear 4\AL 16\Argon\Optitherm SI3 4;20942983;;
3078031860;02482 AKR 5 GRUDZIEÑ;24647;13;635;990;1;4      53448 poz.4;Optifloat Clear 4\AL 16\Argon\Optitherm SI3 4;20942994;;
3078031860;02482 AKR 5 GRUDZIEÑ;24647;8;563;951;1;3      53448 poz.3;Optifloat Clear 4\AL 16\Argon\Optitherm SI3 4;20942989;;
3078031860;02482 AKR 5 GRUDZIEÑ;24647;9;563;951;1;3      53448 poz.3;Optifloat Clear 4\AL 16\Argon\Optitherm SI3 4;20942990;;
3078031860;02482 AKR 5 GRUDZIEÑ;24647;7;536;951;1;2      53448 poz.2;Optifloat Clear 4\AL 16\Argon\Optitherm SI3 4;20942988;;
3078031860;02482 AKR 5 GRUDZIEÑ;24647;11;502;951;1;4      53448 poz.4;Optifloat Clear 4\AL 16\Argon\Optitherm SI3 4;20942992;;
3078031860;02482 AKR 5 GRUDZIEÑ;24647;12;502;951;1;4      53448 poz.4;Optifloat Clear 4\AL 16\Argon\Optitherm SI3 4;20942993;;
3078029744;02458 AKR 8 GRUDZIEÑ;23957;9;582;951;1;2      53347 poz.2;Suncool 70/35 4\AL 16\Argon\Optifloat Clear 4;20943060;;
3078029744;02458 AKR 8 GRUDZIEÑ;23957;7;572;951;1;1      53347 poz.1;Suncool 70/35 4\AL 16\Argon\Optifloat Clear 4;20943058;;
3078029744;02458 AKR 8 GRUDZIEÑ;23957;83;526;951;1;1      53409 poz.1;Optifloat Clear 4\AL 16\Argon\Optitherm SI3 4;20943138;;
3078029744;02458 AKR 8 GRUDZIEÑ;23957;82;526;951;1;1      53409 poz.1;Optifloat Clear 4\AL 16\Argon\Optitherm SI3 4;20943137;;
3078029744;02458 AKR 8 GRUDZIEÑ;23957;1;506;951;1;1      53297 poz.1;Optifloat Clear 4\AL 16\Argon\Optitherm SI3 4;20943052;;
3078029744;02458 AKR 8 GRUDZIEÑ;23957;2;506;951;1;1      53297 poz.1;Optifloat Clear 4\AL 16\Argon\Optitherm SI3 4;20943053;;
3078029744;02458 AKR 8 GRUDZIEÑ;23957;4;506;951;1;2      53297 poz.2;Optifloat Clear 4\AL 16\Argon\Optitherm SI3 4;20943055;;
3078029744;02458 AKR 8 GRUDZIEÑ;23957;50;496;1201;1;2      53406 poz.2;Optifloat Clear 4\AL 16\Argon\Optitherm SI3 4;20943101;;
3078029744;02458 AKR 8 GRUDZIEÑ;23957;52;473;1191;1;3      53406 poz.3;Optifloat Clear 4\AL 16\Argon\Optitherm SI3 4;20943103;;
3078029744;02458 AKR 8 GRUDZIEÑ;23957;54;462;1191;1;4      53406 poz.4;Optifloat Clear 4\AL 16\Argon\Optitherm SI3 4;20943105;;
3078029744;02458 AKR 8 GRUDZIEÑ;23957;55;462;1191;1;4      53406 poz.4;Optifloat Clear 4\AL 16\Argon\Optitherm SI3 4;20943106;;
3078030498;02449 AKR 5 GRUDZIEÑ  korekta II;24698;79;729;1295;1;1      53385 poz.1;Optitherm SI3 4\AL 12\Argon\Optifloat Clear 4\AL 12\Argon\Optitherm SI3 4;20942969;;
3078030498;02449 AKR 5 GRUDZIEÑ  korekta II;24698;3;721;1295;1;1      53199 poz.1;Optifloat Clear 4\AL 16\Argon\Optitherm SI3 4;20942893;;
3078030498;02449 AKR 5 GRUDZIEÑ  korekta II;24698;90;716;845;1;4      53386 poz.4;Optifloat Clear 4\AL 16\Argon\Optitherm SI3 4;20942980;;
3078030498;02449 AKR 5 GRUDZIEÑ  korekta II;24698;18;710;945;1;1      53380 poz.1;Optifloat Clear 4\AL 16\Argon\Optitherm SI3 4;20942908;;
3078030498;02449 AKR 5 GRUDZIEÑ  korekta II;24698;20;710;945;1;2      53380 poz.2;Optifloat Clear 4\AL 16\Argon\Optitherm SI3 4;20942910;;
3078030498;02449 AKR 5 GRUDZIEÑ  korekta II;24698;38;710;945;1;6      53381 poz.6;Optifloat Clear 4\AL 16\Argon\Optitherm SI3 4;20942928;;
3078030498;02449 AKR 5 GRUDZIEÑ  korekta II;24698;40;710;945;1;7      53381 poz.7;Optifloat Clear 4\AL 16\Argon\Optitherm SI3 4;20942930;;
3078030498;02449 AKR 5 GRUDZIEÑ  korekta II;24698;41;710;945;1;7      53381 poz.7;Optifloat Clear 4\AL 16\Argon\Optitherm SI3 4;20942931;;
3078030498;02449 AKR 5 GRUDZIEÑ  korekta II;24698;55;710;835;1;3      53383 poz.3;Optifloat Clear 4\AL 16\Argon\Optitherm SI3 4;20942945;;
3078030498;02449 AKR 5 GRUDZIEÑ  korekta II;24698;62;710;835;1;6      53383 poz.6;Optifloat Clear 4\AL 16\Argon\Optitherm SI3 4;20942952;;
3078030498;02449 AKR 5 GRUDZIEÑ  korekta II;24698;24;707;889;1;3      53380 poz.3;Optifloat Clear 4\AL 16\Argon\Optitherm SI3 4;20942914;;
3078030498;02449 AKR 5 GRUDZIEÑ  korekta II;24698;85;696;1295;1;2      53386 poz.2;Optifloat Clear 4\AL 16\Argon\Optitherm SI3 4;20942975;;
3078030498;02449 AKR 5 GRUDZIEÑ  korekta II;24698;87;696;1295;1;2      53386 poz.2;Optifloat Clear 4\AL 16\Argon\Optitherm SI3 4;20942977;;
3078030498;02449 AKR 5 GRUDZIEÑ  korekta II;24698;43;699;945;1;8      53381 poz.8;Optifloat Clear 4\AL 16\Argon\Optitherm SI3 4;20942933;;
3078030498;02449 AKR 5 GRUDZIEÑ  korekta II;24698;44;699;945;1;8      53381 poz.8;Optifloat Clear 4\AL 16\Argon\Optitherm SI3 4;20942934;;
3078030498;02449 AKR 5 GRUDZIEÑ  korekta II;24698;46;699;945;1;9      53381 poz.9;Optifloat Clear 4\AL 16\Argon\Optitherm SI3 4;20942936;;
3078030498;02449 AKR 5 GRUDZIEÑ  korekta II;24698;47;699;945;1;9      53381 poz.9;Optifloat Clear 4\AL 16\Argon\Optitherm SI3 4;20942937;;
3078030498;02449 AKR 5 GRUDZIEÑ  korekta II;24698;72;695;1049;1;9      53383 poz.9;Optifloat Clear 4\AL 16\Argon\Optitherm SI3 4;20942962;;
3078037428;02449 AKR 5 GRUDZIEÑ  korekta II;24698;9;514;891;1;2      53307-b poz.2;Optitherm SI3 4\AL 12\Argon\Optifloat Clear 4\AL 12\Argon\Optitherm SI3 4;20942899;;
3078037428;02449 AKR 5 GRUDZIEÑ  korekta II;24698;17;503;1055;1;3      53376 poz.3;Optifloat Clear 4\AL 16\Argon\Optitherm SI3 4;20942907;;
3078037428;02449 AKR 5 GRUDZIEÑ  korekta II;24698;59;505;939;1;4      53383 poz.4;Optifloat Clear 4\AL 16\Argon\Optitherm SI3 4;20942949;;
3078037428;02449 AKR 5 GRUDZIEÑ  korekta II;24698;61;505;939;1;5      53383 poz.5;Optifloat Clear 4\AL 16\Argon\Optitherm SI3 4;20942951;;
3078037428;02449 AKR 5 GRUDZIEÑ  korekta II;24698;31;495;945;1;4      53381 poz.4;Optifloat Clear 4\AL 16\Argon\Optitherm SI3 4;20942921;;
3078037428;02449 AKR 5 GRUDZIEÑ  korekta II;24698;32;495;945;1;4      53381 poz.4;Optifloat Clear 4\AL 16\Argon\Optitherm SI3 4;20942922;;
3078037428;02449 AKR 5 GRUDZIEÑ  korekta II;24698;30;480;945;1;3      53381 poz.3;Optifloat Clear 4\AL 16\Argon\Optitherm SI3 4;20942920;;
3078037428;02449 AKR 5 GRUDZIEÑ  korekta II;24698;88;459;741;1;3      53386 poz.3;Optifloat Clear 4\AL 16\Argon\Optitherm SI3 4;20942978;;
3078037428;02449 AKR 5 GRUDZIEÑ  korekta II;24698;25;444;945;1;1      53381 poz.1;Optitherm SI3 4\AL 12\Argon\Optifloat Clear 4\AL 12\Argon\Optitherm SI3 4;20942915;;
3078037428;02449 AKR 5 GRUDZIEÑ  korekta II;24698;27;444;945;1;2      53381 poz.2;Optitherm SI3 4\AL 12\Argon\Optifloat Clear 4\AL 12\Argon\Optitherm SI3 4;20942917;;
3078037428;02449 AKR 5 GRUDZIEÑ  korekta II;24698;29;444;945;1;2      53381 poz.2;Optitherm SI3 4\AL 12\Argon\Optifloat Clear 4\AL 12\Argon\Optitherm SI3 4;20942919;;
3078037428;02449 AKR 5 GRUDZIEÑ  korekta II;24698;10;398;951;1;1      53376 poz.1;Optifloat Clear 4\AL 16\Argon\Optitherm SI3 4;20942900;;
3078037428;02449 AKR 5 GRUDZIEÑ  korekta II;24698;11;398;951;1;1      53376 poz.1;Optifloat Clear 4\AL 16\Argon\Optitherm SI3 4;20942901;;
3078037428;02449 AKR 5 GRUDZIEÑ  korekta II;24698;13;398;951;1;2      53376 poz.2;Optifloat Clear 4\AL 16\Argon\Optitherm SI3 4;20942903;;
3078037428;02449 AKR 5 GRUDZIEÑ  korekta II;24698;14;398;951;1;2      53376 poz.2;Optifloat Clear 4\AL 16\Argon\Optitherm SI3 4;20942904;;
3078037428;02449 AKR 5 GRUDZIEÑ  korekta II;24698;58;400;835;1;4      53383 poz.4;Optifloat Clear 4\AL 16\Argon\Optitherm SI3 4;20942948;;
3078037428;02449 AKR 5 GRUDZIEÑ  korekta II;24698;60;400;835;1;5      53383 poz.5;Optifloat Clear 4\AL 16\Argon\Optitherm SI3 4;20942950;;
3078037428;02449 AKR 5 GRUDZIEÑ  korekta II;24698;16;398;951;1;3      53376 poz.3;Optifloat Clear 4\AL 16\Argon\Optitherm SI3 4;20942906;;
3072038155;02449 AKR 5 GRUDZIEÑ  korekta II;24698;78;597;1191;1;1      53385 poz.1;Optitherm SI3 4\AL 12\Argon\Optifloat Clear 4\AL 12\Argon\Optitherm SI3 4;20942968;;
3072038155;02449 AKR 5 GRUDZIEÑ  korekta II;24698;83;591;1191;1;1      53386 poz.1;Optifloat Clear 4\AL 16\Argon\Optitherm SI3 4;20942973;;
3072038155;02449 AKR 5 GRUDZIEÑ  korekta II;24698;1;589;1191;1;1      53199 poz.1;Optifloat Clear 4\AL 16\Argon\Optitherm SI3 4;20942891;;
3072038155;02449 AKR 5 GRUDZIEÑ  korekta II;24698;2;589;1191;1;1      53199 poz.1;Optifloat Clear 4\AL 16\Argon\Optitherm SI3 4;20942892;;
3072038155;02449 AKR 5 GRUDZIEÑ  korekta II;24698;28;578;1049;1;2      53381 poz.2;Optitherm SI3 4\AL 12\Argon\Optifloat Clear 4\AL 12\Argon\Optitherm SI3 4;20942918;;
3072038155;02449 AKR 5 GRUDZIEÑ  korekta II;24698;89;584;741;1;4      53386 poz.4;Optifloat Clear 4\AL 16\Argon\Optitherm SI3 4;20942979;;
3072038155;02449 AKR 5 GRUDZIEÑ  korekta II;24698;91;584;741;1;4      53386 poz.4;Optifloat Clear 4\AL 16\Argon\Optitherm SI3 4;20942981;;
3072038155;02449 AKR 5 GRUDZIEÑ  korekta II;24698;22;572;785;1;3      53380 poz.3;Optifloat Clear 4\AL 16\Argon\Optitherm SI3 4;20942912;;
3072038155;02449 AKR 5 GRUDZIEÑ  korekta II;24698;23;572;785;1;3      53380 poz.3;Optifloat Clear 4\AL 16\Argon\Optitherm SI3 4;20942913;;
3072038155;02449 AKR 5 GRUDZIEÑ  korekta II;24698;70;561;945;1;9      53383 poz.9;Optifloat Clear 4\AL 16\Argon\Optitherm SI3 4;20942960;;
3072038155;02449 AKR 5 GRUDZIEÑ  korekta II;24698;68;560;945;1;8      53383 poz.8;Optifloat Clear 4\AL 16\Argon\Optitherm SI3 4;20942958;;
3072038155;02449 AKR 5 GRUDZIEÑ  korekta II;24698;71;560;945;1;9      53383 poz.9;Optifloat Clear 4\AL 16\Argon\Optitherm SI3 4;20942961;;
3072038155;02449 AKR 5 GRUDZIEÑ  korekta II;24698;65;555;945;1;7      53383 poz.7;Optifloat Clear 4\AL 16\Argon\Optitherm SI3 4;20942955;;
3072038155;02449 AKR 5 GRUDZIEÑ  korekta II;24698;66;555;945;1;7      53383 poz.7;Optifloat Clear 4\AL 16\Argon\Optitherm SI3 4;20942956;;
3072038155;02449 AKR 5 GRUDZIEÑ  korekta II;24698;26;549;1049;1;1      53381 poz.1;Optitherm SI3 4\AL 12\Argon\Optifloat Clear 4\AL 12\Argon\Optitherm SI3 4;20942916;;
3072038155;02449 AKR 5 GRUDZIEÑ  korekta II;24698;5;541;971;1;1      53307-b poz.1;Optitherm SI3 4\AL 12\Argon\Optifloat Clear 4\AL 12\Argon\Optitherm SI3 4;20942895;;
3072038155;02449 AKR 5 GRUDZIEÑ  korekta II;24698;7;541;971;1;1      53307-b poz.1;Optitherm SI3 4\AL 12\Argon\Optifloat Clear 4\AL 12\Argon\Optitherm SI3 4;20942897;;
3072039459;02484 AKR 8 GRUDZIEÑ;24655;6;928;1295;1;2      53449 poz.2;Optifloat Clear 4\AL 16\Argon\Optitherm SI3 4;20944291;;
3072039459;02484 AKR 8 GRUDZIEÑ;24655;7;928;1295;1;2      53449 poz.2;Optifloat Clear 4\AL 16\Argon\Optitherm SI3 4;20944292;;
3072039459;02484 AKR 8 GRUDZIEÑ;24655;11;1290;855;1;2      53450 poz.2;Optifloat Clear 4\AL 16\Argon\Optitherm SI3 4;20944296;;
3072039459;02484 AKR 8 GRUDZIEÑ;24655;9;932;855;1;1      53450 poz.1;Optifloat Clear 4\AL 16\Argon\Optitherm SI3 4;20944294;;
3072039459;02484 AKR 8 GRUDZIEÑ;24655;15;819;1295;1;4      53450 poz.4;Optifloat Clear 4\AL 16\Argon\Optitherm SI3 4;20944300;;
3072039459;02484 AKR 8 GRUDZIEÑ;24655;4;795;1191;1;2      53449 poz.2;Optifloat Clear 4\AL 16\Argon\Optitherm SI3 4;20944289;;
3072039459;02484 AKR 8 GRUDZIEÑ;24655;5;795;1191;1;2      53449 poz.2;Optifloat Clear 4\AL 16\Argon\Optitherm SI3 4;20944290;;
3072039459;02484 AKR 8 GRUDZIEÑ;24655;14;686;1191;1;4      53450 poz.4;Optifloat Clear 4\AL 16\Argon\Optitherm SI3 4;20944299;;
3072039459;02484 AKR 8 GRUDZIEÑ;24655;16;686;1191;1;4      53450 poz.4;Optifloat Clear 4\AL 16\Argon\Optitherm SI3 4;20944301;;
3072039459;02484 AKR 8 GRUDZIEÑ;24655;3;680;1055;1;1      53449 poz.1;Optifloat Clear 4\AL 16\Argon\Optitherm SI3 4;20944288;;
3072039459;02484 AKR 8 GRUDZIEÑ;24655;18;679;1005;1;5      53450 poz.5;Optifloat Clear 4\AL 16\Argon\Optitherm SI3 4;20944303;;
3072039459;02484 AKR 8 GRUDZIEÑ;24655;13;659;1191;1;3      53450 poz.3;Optifloat Clear 4\AL 16\Argon\Optitherm SI3 4;20944298;;
3072039459;02484 AKR 8 GRUDZIEÑ;24655;8;613;751;1;1      53450 poz.1;Optifloat Clear 4\AL 16\Argon\Optitherm SI3 4;20944293;;
3072039459;02484 AKR 8 GRUDZIEÑ;24655;10;613;751;1;2      53450 poz.2;Optifloat Clear 4\AL 16\Argon\Optitherm SI3 4;20944295;;
3072039459;02484 AKR 8 GRUDZIEÑ;24655;12;613;751;1;2      53450 poz.2;Optifloat Clear 4\AL 16\Argon\Optitherm SI3 4;20944297;;
3072039459;02484 AKR 8 GRUDZIEÑ;24655;1;548;951;1;1      53449 poz.1;Optifloat Clear 4\AL 16\Argon\Optitherm SI3 4;20944286;;
3072039459;02484 AKR 8 GRUDZIEÑ;24655;2;548;951;1;1      53449 poz.1;Optifloat Clear 4\AL 16\Argon\Optitherm SI3 4;20944287;;
3072039459;02484 AKR 8 GRUDZIEÑ;24655;17;546;901;1;5      53450 poz.5;Optifloat Clear 4\AL 16\Argon\Optitherm SI3 4;20944302;;
3072039459;02484 AKR 8 GRUDZIEÑ;24655;19;546;901;1;5      53450 poz.5;Optifloat Clear 4\AL 16\Argon\Optitherm SI3 4;20944304;;
3076028725;02468  AKR 9 GRUDZIEÑ;24288;6;911;969;1;2      53363 poz.2;Optifloat Clear 4\AL 16\Argon\Optitherm SI3 4;20943000;;
3076028725;02468  AKR 9 GRUDZIEÑ;24288;8;900;969;6;1      53364 poz.1;Optifloat Clear 4\AL 16\Argon\Optitherm SI3 4;20943007;;
3076028725;02468  AKR 9 GRUDZIEÑ;24288;8;900;969;6;1      53364 poz.1;Optifloat Clear 4\AL 16\Argon\Optitherm SI3 4;20943008;;
3076028725;02468  AKR 9 GRUDZIEÑ;24288;8;900;969;6;1      53364 poz.1;Optifloat Clear 4\AL 16\Argon\Optitherm SI3 4;20943009;;
3076028725;02468  AKR 9 GRUDZIEÑ;24288;8;900;969;6;1      53364 poz.1;Optifloat Clear 4\AL 16\Argon\Optitherm SI3 4;20943010;;
3076028725;02468  AKR 9 GRUDZIEÑ;24288;8;900;969;6;1      53364 poz.1;Optifloat Clear 4\AL 16\Argon\Optitherm SI3 4;20943011;;
3076028725;02468  AKR 9 GRUDZIEÑ;24288;8;900;969;6;1      53364 poz.1;Optifloat Clear 4\AL 16\Argon\Optitherm SI3 4;20943012;;
3076028725;02468  AKR 9 GRUDZIEÑ;24288;14;900;969;6;4      53364 poz.4;Optifloat Clear 4\AL 16\Argon\Optitherm SI3 4;20943043;;
3076028725;02468  AKR 9 GRUDZIEÑ;24288;14;900;969;6;4      53364 poz.4;Optifloat Clear 4\AL 16\Argon\Optitherm SI3 4;20943044;;
3076028725;02468  AKR 9 GRUDZIEÑ;24288;14;900;969;6;4      53364 poz.4;Optifloat Clear 4\AL 16\Argon\Optitherm SI3 4;20943045;;
3076028725;02468  AKR 9 GRUDZIEÑ;24288;14;900;969;6;4      53364 poz.4;Optifloat Clear 4\AL 16\Argon\Optitherm SI3 4;20943046;;
3076028725;02468  AKR 9 GRUDZIEÑ;24288;14;900;969;6;4      53364 poz.4;Optifloat Clear 4\AL 16\Argon\Optitherm SI3 4;20943047;;
3076028725;02468  AKR 9 GRUDZIEÑ;24288;14;900;969;6;4      53364 poz.4;Optifloat Clear 4\AL 16\Argon\Optitherm SI3 4;20943048;;
3076028725;02468  AKR 9 GRUDZIEÑ;24288;4;806;950;1;2      53363 poz.2;Optifloat Clear 4\AL 16\Argon\Optitherm SI3 4;20942998;;
3076028725;02468  AKR 9 GRUDZIEÑ;24288;5;806;950;1;2      53363 poz.2;Optifloat Clear 4\AL 16\Argon\Optitherm SI3 4;20942999;;
3076028725;02468  AKR 9 GRUDZIEÑ;24288;16;797;844;1;1      53419 poz.1;Optifloat Clear 4\AL 16\Argon\Optitherm SI3 4;20943050;;
3076028725;02468  AKR 9 GRUDZIEÑ;24288;15;693;740;1;1      53419 poz.1;Optifloat Clear 4\AL 16\Argon\Optitherm SI3 4;20943049;;
3076028725;02468  AKR 9 GRUDZIEÑ;24288;2;668;1054;1;1      53363 poz.1;Optifloat Clear 4\AL 16\Argon\Optitherm SI3 4;20942996;;
3076028725;02468  AKR 9 GRUDZIEÑ;24288;17;675;740;1;2      53419 poz.2;Optifloat Clear 4\AL 16\Argon\Optitherm SI3 4;20943051;;
3076029296;02468  AKR 9 GRUDZIEÑ;24288;10;400;969;6;2      53364 poz.2;Optifloat Clear 4\AL 16\Argon\Optitherm SI3 4;20943024;;
3076029296;02468  AKR 9 GRUDZIEÑ;24288;12;400;969;6;3      53364 poz.3;Optifloat Clear 4\AL 16\Argon\Optitherm SI3 4;20943031;;
3076029296;02468  AKR 9 GRUDZIEÑ;24288;12;400;969;6;3      53364 poz.3;Optifloat Clear 4\AL 16\Argon\Optitherm SI3 4;20943032;;
3076029296;02468  AKR 9 GRUDZIEÑ;24288;12;400;969;6;3      53364 poz.3;Optifloat Clear 4\AL 16\Argon\Optitherm SI3 4;20943033;;
3076029296;02468  AKR 9 GRUDZIEÑ;24288;12;400;969;6;3      53364 poz.3;Optifloat Clear 4\AL 16\Argon\Optitherm SI3 4;20943034;;
3076029296;02468  AKR 9 GRUDZIEÑ;24288;12;400;969;6;3      53364 poz.3;Optifloat Clear 4\AL 16\Argon\Optitherm SI3 4;20943035;;
3076029296;02468  AKR 9 GRUDZIEÑ;24288;9;295;950;6;2      53364 poz.2;Optifloat Clear 4\AL 16\Argon\Optitherm SI3 4;20943013;;
3076029296;02468  AKR 9 GRUDZIEÑ;24288;9;295;950;6;2      53364 poz.2;Optifloat Clear 4\AL 16\Argon\Optitherm SI3 4;20943014;;
3076029296;02468  AKR 9 GRUDZIEÑ;24288;9;295;950;6;2      53364 poz.2;Optifloat Clear 4\AL 16\Argon\Optitherm SI3 4;20943015;;
3076029296;02468  AKR 9 GRUDZIEÑ;24288;9;295;950;6;2      53364 poz.2;Optifloat Clear 4\AL 16\Argon\Optitherm SI3 4;20943016;;
3076029296;02468  AKR 9 GRUDZIEÑ;24288;9;295;950;6;2      53364 poz.2;Optifloat Clear 4\AL 16\Argon\Optitherm SI3 4;20943017;;
3076029296;02468  AKR 9 GRUDZIEÑ;24288;9;295;950;6;2      53364 poz.2;Optifloat Clear 4\AL 16\Argon\Optitherm SI3 4;20943018;;
3076029296;02468  AKR 9 GRUDZIEÑ;24288;11;295;950;6;3      53364 poz.3;Optifloat Clear 4\AL 16\Argon\Optitherm SI3 4;20943025;;
3076029296;02468  AKR 9 GRUDZIEÑ;24288;11;295;950;6;3      53364 poz.3;Optifloat Clear 4\AL 16\Argon\Optitherm SI3 4;20943026;;
3076029296;02468  AKR 9 GRUDZIEÑ;24288;11;295;950;6;3      53364 poz.3;Optifloat Clear 4\AL 16\Argon\Optitherm SI3 4;20943027;;
3076029296;02468  AKR 9 GRUDZIEÑ;24288;11;295;950;6;3      53364 poz.3;Optifloat Clear 4\AL 16\Argon\Optitherm SI3 4;20943028;;
3076029296;02468  AKR 9 GRUDZIEÑ;24288;11;295;950;6;3      53364 poz.3;Optifloat Clear 4\AL 16\Argon\Optitherm SI3 4;20943029;;
3076029296;02468  AKR 9 GRUDZIEÑ;24288;11;295;950;6;3      53364 poz.3;Optifloat Clear 4\AL 16\Argon\Optitherm SI3 4;20943030;;
3077016400;02458 AKR 8 GRUDZIEÑ;23957;87;753;1055;1;2      53409 poz.2;Optifloat Clear 4\AL 16\Argon\Optitherm SI3 4;20943142;;
3077016400;02458 AKR 8 GRUDZIEÑ;23957;92;729;951;1;5      53409 poz.5;Optifloat Clear 4\AL 16\Argon\Optitherm SI3 4;20943147;;
3077016400;02458 AKR 8 GRUDZIEÑ;23957;81;728;1055;1;6      53407 poz.6;Optifloat Clear 4\AL 16\Argon\Optitherm SI3 4;20943136;;
3077016400;02458 AKR 8 GRUDZIEÑ;23957;93;729;951;1;5      53409 poz.5;Optifloat Clear 4\AL 16\Argon\Optitherm SI3 4;20943148;;
3077016400;02458 AKR 8 GRUDZIEÑ;23957;16;727;951;1;1      53402 poz.1;Optifloat Clear 4\AL 16\Argon\Optitherm SI3 4;20943067;;
3077016400;02458 AKR 8 GRUDZIEÑ;23957;17;727;951;1;1      53402 poz.1;Optifloat Clear 4\AL 16\Argon\Optitherm SI3 4;20943068;;
3077016400;02458 AKR 8 GRUDZIEÑ;23957;23;727;951;1;4      53402 poz.4;Optifloat Clear 4\AL 16\Argon\Optitherm SI3 4;20943074;;
3077016400;02458 AKR 8 GRUDZIEÑ;23957;24;727;951;1;4      53402 poz.4;Optifloat Clear 4\AL 16\Argon\Optitherm SI3 4;20943075;;
3077016400;02458 AKR 8 GRUDZIEÑ;23957;49;713;1305;1;1      53406 poz.1;Optifloat Clear 4\AL 16\Argon\Optitherm SI3 4;20943100;;
3077016400;02458 AKR 8 GRUDZIEÑ;23957;65;713;1295;1;7      53406 poz.7;Optifloat Clear 4\AL 16\Argon\Optitherm SI3 4;20943116;;
3077016400;02458 AKR 8 GRUDZIEÑ;23957;88;711;951;1;3      53409 poz.3;Optifloat Clear 4\AL 16\Argon\Optitherm SI3 4;20943143;;
3077016400;02458 AKR 8 GRUDZIEÑ;23957;20;706;1055;1;2      53402 poz.2;Optifloat Clear 4\AL 16\Argon\Optitherm SI3 4;20943071;;
3077016400;02458 AKR 8 GRUDZIEÑ;23957;22;706;1055;1;3      53402 poz.3;Optifloat Clear 4\AL 16\Argon\Optitherm SI3 4;20943073;;
3077016400;02458 AKR 8 GRUDZIEÑ;23957;8;703;990;1;1      53347 poz.1;Suncool 70/35 4\AL 16\Argon\Optifloat Clear 4;20943059;;
3077016400;02458 AKR 8 GRUDZIEÑ;23957;10;686;990;1;2      53347 poz.2;Suncool 70/35 4\AL 16\Argon\Optifloat Clear 4;20943061;;
3077016400;02458 AKR 8 GRUDZIEÑ;23957;70;686;951;1;2      53407 poz.2;Optifloat Clear 4\AL 16\Argon\Optitherm SI3 4;20943125;;
3077016400;02458 AKR 8 GRUDZIEÑ;23957;71;686;951;1;2      53407 poz.2;Optifloat Clear 4\AL 16\Argon\Optitherm SI3 4;20943126;;
3077016400;02458 AKR 8 GRUDZIEÑ;23957;13;678;1191;1;2      53388 poz.2;Optifloat Clear 4\AL 16\Argon\Optitherm SI3 4;20943064;;
3077016400;02458 AKR 8 GRUDZIEÑ;23957;26;682;951;1;1      53403 poz.1;Optifloat Clear 4\AL 16\Argon\Optitherm SI3 4;20943077;;
3077020919;02458 AKR 8 GRUDZIEÑ;23957;12;830;1191;1;1      53388 poz.1;Optifloat Clear 4\AL 16\Argon\Optitherm SI3 4;20943063;;
3077020919;02458 AKR 8 GRUDZIEÑ;23957;72;819;1055;1;2      53407 poz.2;Optifloat Clear 4\AL 16\Argon\Optitherm SI3 4;20943127;;
3077020919;02458 AKR 8 GRUDZIEÑ;23957;89;816;1055;1;3      53409 poz.3;Optifloat Clear 4\AL 16\Argon\Optitherm SI3 4;20943144;;
3077020919;02458 AKR 8 GRUDZIEÑ;23957;28;815;1055;1;1      53403 poz.1;Optifloat Clear 4\AL 16\Argon\Optitherm SI3 4;20943079;;
3077020919;02458 AKR 8 GRUDZIEÑ;23957;14;810;1295;1;2      53388 poz.2;Optifloat Clear 4\AL 16\Argon\Optitherm SI3 4;20943065;;
3077020919;02458 AKR 8 GRUDZIEÑ;23957;45;813;1055;1;6      53405 poz.6;Optifloat Clear 4\AL 16\Argon\Optitherm SI3 4;20943096;;
3077020919;02458 AKR 8 GRUDZIEÑ;23957;57;790;1191;1;5      53406 poz.5;Optifloat Clear 4\AL 16\Argon\Optitherm SI3 4;20943108;;
3077020919;02458 AKR 8 GRUDZIEÑ;23957;58;790;1191;1;5      53406 poz.5;Optifloat Clear 4\AL 16\Argon\Optitherm SI3 4;20943109;;
3077020919;02458 AKR 8 GRUDZIEÑ;23957;90;783;951;1;4      53409 poz.4;Optifloat Clear 4\AL 16\Argon\Optitherm SI3 4;20943145;;
3077020919;02458 AKR 8 GRUDZIEÑ;23957;91;783;951;1;4      53409 poz.4;Optifloat Clear 4\AL 16\Argon\Optitherm SI3 4;20943146;;
3077020919;02458 AKR 8 GRUDZIEÑ;23957;32;780;1295;1;2      53404 poz.2;Optifloat Clear 4\AL 16\Argon\Optitherm SI3 4;20943083;;
3077020919;02458 AKR 8 GRUDZIEÑ;23957;67;755;1055;2;1      53407 poz.1;Optifloat Clear 4\AL 16\Argon\Optitherm SI3 4;20943119;;
3077020919;02458 AKR 8 GRUDZIEÑ;23957;67;755;1055;2;1      53407 poz.1;Optifloat Clear 4\AL 16\Argon\Optitherm SI3 4;20943120;;
3077020919;02458 AKR 8 GRUDZIEÑ;23957;69;755;1055;2;1      53407 poz.1;Optifloat Clear 4\AL 16\Argon\Optitherm SI3 4;20943123;;
3077020919;02458 AKR 8 GRUDZIEÑ;23957;69;755;1055;2;1      53407 poz.1;Optifloat Clear 4\AL 16\Argon\Optitherm SI3 4;20943124;;
3077020919;02458 AKR 8 GRUDZIEÑ;23957;61;751;1191;1;6      53406 poz.6;Optifloat Clear 4\AL 16\Argon\Optitherm SI3 4;20943112;;
3077020919;02458 AKR 8 GRUDZIEÑ;23957;62;751;1191;1;6      53406 poz.6;Optifloat Clear 4\AL 16\Argon\Optitherm SI3 4;20943113;;
3077020919;02458 AKR 8 GRUDZIEÑ;23957;79;755;990;1;5      53407 poz.5;Optifloat Clear 4\AL 16\Argon\Optitherm SI3 4;20943134;;
3077021459;02449 AKR 5 GRUDZIEÑ  korekta II;24698;12;1443;1055;1;1      53376 poz.1;Optifloat Clear 4\AL 16\Argon\Optitherm SI3 4;20942902;;
3077021459;02458 AKR 8 GRUDZIEÑ;23957;44;679;951;1;6      53405 poz.6;Optifloat Clear 4\AL 16\Argon\Optitherm SI3 4;20943095;;
3077021459;02458 AKR 8 GRUDZIEÑ;23957;27;682;951;1;1      53403 poz.1;Optifloat Clear 4\AL 16\Argon\Optitherm SI3 4;20943078;;
3077021459;02458 AKR 8 GRUDZIEÑ;23957;46;679;951;1;6      53405 poz.6;Optifloat Clear 4\AL 16\Argon\Optitherm SI3 4;20943097;;
3077021459;02458 AKR 8 GRUDZIEÑ;23957;15;678;1191;1;2      53388 poz.2;Optifloat Clear 4\AL 16\Argon\Optitherm SI3 4;20943066;;
3077021459;02458 AKR 8 GRUDZIEÑ;23957;29;676;1191;1;1      53404 poz.1;Optifloat Clear 4\AL 16\Argon\Optitherm SI3 4;20943080;;
3077021459;02458 AKR 8 GRUDZIEÑ;23957;31;676;1191;1;2      53404 poz.2;Optifloat Clear 4\AL 16\Argon\Optitherm SI3 4;20943082;;
3077021459;02458 AKR 8 GRUDZIEÑ;23957;84;659;1055;1;1      53409 poz.1;Optifloat Clear 4\AL 16\Argon\Optitherm SI3 4;20943139;;
3077021459;02458 AKR 8 GRUDZIEÑ;23957;66;623;951;2;1      53407 poz.1;Optifloat Clear 4\AL 16\Argon\Optitherm SI3 4;20943117;;
3077021459;02458 AKR 8 GRUDZIEÑ;23957;66;623;951;2;1      53407 poz.1;Optifloat Clear 4\AL 16\Argon\Optitherm SI3 4;20943118;;
3077021459;02458 AKR 8 GRUDZIEÑ;23957;68;623;951;2;1      53407 poz.1;Optifloat Clear 4\AL 16\Argon\Optitherm SI3 4;20943121;;
3077021459;02458 AKR 8 GRUDZIEÑ;23957;68;623;951;2;1      53407 poz.1;Optifloat Clear 4\AL 16\Argon\Optitherm SI3 4;20943122;;
3077021459;02458 AKR 8 GRUDZIEÑ;23957;77;623;951;1;5      53407 poz.5;Optifloat Clear 4\AL 16\Argon\Optitherm SI3 4;20943132;;
3077021459;02458 AKR 8 GRUDZIEÑ;23957;78;623;951;1;5      53407 poz.5;Optifloat Clear 4\AL 16\Argon\Optitherm SI3 4;20943133;;
3077021459;02458 AKR 8 GRUDZIEÑ;23957;80;623;951;1;6      53407 poz.6;Optifloat Clear 4\AL 16\Argon\Optitherm SI3 4;20943135;;
3077021459;02458 AKR 8 GRUDZIEÑ;23957;85;622;951;1;2      53409 poz.2;Optifloat Clear 4\AL 16\Argon\Optitherm SI3 4;20943140;;
3077021459;02458 AKR 8 GRUDZIEÑ;23957;86;622;951;1;2      53409 poz.2;Optifloat Clear 4\AL 16\Argon\Optitherm SI3 4;20943141;;
3077021459;02458 AKR 8 GRUDZIEÑ;23957;73;613;1201;1;3      53407 poz.3;Optifloat Clear 4\AL 16\Argon\Optitherm SI3 4;20943128;;
3077021459;02458 AKR 8 GRUDZIEÑ;23957;75;613;1201;1;4      53407 poz.4;Optifloat Clear 4\AL 16\Argon\Optitherm SI3 4;20943130;;
3072094045;02449 AKR 5 GRUDZIEÑ  korekta II;24698;84;1122;1230;1;1      53386 poz.1;Optifloat Clear 4\AL 16\Argon\Optitherm SI3 4;20942974;;
3072094045;02449 AKR 5 GRUDZIEÑ  korekta II;24698;15;1443;1055;1;2      53376 poz.2;Optifloat Clear 4\AL 16\Argon\Optitherm SI3 4;20942905;;
3072094045;02449 AKR 5 GRUDZIEÑ  korekta II;24698;48;1066;1049;1;9      53381 poz.9;Optifloat Clear 4\AL 16\Argon\Optitherm SI3 4;20942938;;
3072094045;02449 AKR 5 GRUDZIEÑ  korekta II;24698;42;1008;1049;1;7      53381 poz.7;Optifloat Clear 4\AL 16\Argon\Optitherm SI3 4;20942932;;
3072094045;02449 AKR 5 GRUDZIEÑ  korekta II;24698;19;948;984;1;1      53380 poz.1;Optifloat Clear 4\AL 16\Argon\Optitherm SI3 4;20942909;;
3072094045;02449 AKR 5 GRUDZIEÑ  korekta II;24698;21;948;984;1;2      53380 poz.2;Optifloat Clear 4\AL 16\Argon\Optitherm SI3 4;20942911;;
3072094045;02449 AKR 5 GRUDZIEÑ  korekta II;24698;57;978;939;1;3      53383 poz.3;Optifloat Clear 4\AL 16\Argon\Optitherm SI3 4;20942947;;
3072094045;02449 AKR 5 GRUDZIEÑ  korekta II;24698;64;978;939;1;6      53383 poz.6;Optifloat Clear 4\AL 16\Argon\Optitherm SI3 4;20942954;;
3072094045;02449 AKR 5 GRUDZIEÑ  korekta II;24698;56;948;939;1;3      53383 poz.3;Optifloat Clear 4\AL 16\Argon\Optitherm SI3 4;20942946;;
3072094045;02449 AKR 5 GRUDZIEÑ  korekta II;24698;63;948;939;1;6      53383 poz.6;Optifloat Clear 4\AL 16\Argon\Optitherm SI3 4;20942953;;
3072094045;02449 AKR 5 GRUDZIEÑ  korekta II;24698;39;908;1049;1;6      53381 poz.6;Optifloat Clear 4\AL 16\Argon\Optitherm SI3 4;20942929;;
3072094045;02449 AKR 5 GRUDZIEÑ  korekta II;24698;74;887;1055;1;1      53384 poz.1;Optifloat Clear 4\AL 16\Argon\Optitherm SI3 4;20942964;;
3072094045;02449 AKR 5 GRUDZIEÑ  korekta II;24698;76;887;1055;1;1      53384 poz.1;Optifloat Clear 4\AL 16\Argon\Optitherm SI3 4;20942966;;
3072094045;02449 AKR 5 GRUDZIEÑ  korekta II;24698;45;834;1049;1;8      53381 poz.8;Optifloat Clear 4\AL 16\Argon\Optitherm SI3 4;20942935;;
3072094045;02449 AKR 5 GRUDZIEÑ  korekta II;24698;36;815;1049;1;5      53381 poz.5;Optifloat Clear 4\AL 16\Argon\Optitherm SI3 4;20942926;;
3072094045;02449 AKR 5 GRUDZIEÑ  korekta II;24698;37;815;1049;1;5      53381 poz.5;Optifloat Clear 4\AL 16\Argon\Optitherm SI3 4;20942927;;
3072094045;02449 AKR 5 GRUDZIEÑ  korekta II;24698;82;773;1295;1;2      53385 poz.2;Optitherm SI3 4\AL 12\Argon\Optifloat Clear 4\AL 12\Argon\Optitherm SI3 4;20942972;;
3072094045;02449 AKR 5 GRUDZIEÑ  korekta II;24698;73;755;951;1;1      53384 poz.1;Optifloat Clear 4\AL 16\Argon\Optitherm SI3 4;20942963;;
3072094045;02449 AKR 5 GRUDZIEÑ  korekta II;24698;75;755;951;1;1      53384 poz.1;Optifloat Clear 4\AL 16\Argon\Optitherm SI3 4;20942965;;
3072094045;02449 AKR 5 GRUDZIEÑ  korekta II;24698;51;741;984;1;1      53383 poz.1;Optifloat Clear 4\AL 16\Argon\Optitherm SI3 4;20942941;;
3072094045;02449 AKR 5 GRUDZIEÑ  korekta II;24698;54;741;984;1;2      53383 poz.2;Optifloat Clear 4\AL 16\Argon\Optitherm SI3 4;20942944;;
3075023943;02449 AKR 5 GRUDZIEÑ  korekta II;24698;67;691;1049;1;7      53383 poz.7;Optifloat Clear 4\AL 16\Argon\Optitherm SI3 4;20942957;;
3075023943;02449 AKR 5 GRUDZIEÑ  korekta II;24698;4;686;1191;1;2      53199 poz.2;Optifloat Clear 4\AL 16\Argon\Optitherm SI3 4;20942894;;
3075023943;02449 AKR 5 GRUDZIEÑ  korekta II;24698;34;679;945;1;5      53381 poz.5;Optifloat Clear 4\AL 16\Argon\Optitherm SI3 4;20942924;;
3075023943;02449 AKR 5 GRUDZIEÑ  korekta II;24698;35;679;945;1;5      53381 poz.5;Optifloat Clear 4\AL 16\Argon\Optitherm SI3 4;20942925;;
3075023943;02449 AKR 5 GRUDZIEÑ  korekta II;24698;6;673;1075;1;1      53307-b poz.1;Optitherm SI3 4\AL 12\Argon\Optifloat Clear 4\AL 12\Argon\Optitherm SI3 4;20942896;;
3075023943;02449 AKR 5 GRUDZIEÑ  korekta II;24698;8;673;1075;1;1      53307-b poz.1;Optitherm SI3 4\AL 12\Argon\Optifloat Clear 4\AL 12\Argon\Optitherm SI3 4;20942898;;
3075023943;02449 AKR 5 GRUDZIEÑ  korekta II;24698;69;665;1049;1;8      53383 poz.8;Optifloat Clear 4\AL 16\Argon\Optitherm SI3 4;20942959;;
3075023943;02449 AKR 5 GRUDZIEÑ  korekta II;24698;80;642;1191;1;2      53385 poz.2;Optitherm SI3 4\AL 12\Argon\Optifloat Clear 4\AL 12\Argon\Optitherm SI3 4;20942970;;
3075023943;02449 AKR 5 GRUDZIEÑ  korekta II;24698;81;642;1191;1;2      53385 poz.2;Optitherm SI3 4\AL 12\Argon\Optifloat Clear 4\AL 12\Argon\Optitherm SI3 4;20942971;;
3075023943;02449 AKR 5 GRUDZIEÑ  korekta II;24698;33;629;1049;1;4      53381 poz.4;Optifloat Clear 4\AL 16\Argon\Optitherm SI3 4;20942923;;
3075023943;02449 AKR 5 GRUDZIEÑ  korekta II;24698;86;619;1191;1;2      53386 poz.2;Optifloat Clear 4\AL 16\Argon\Optitherm SI3 4;20942976;;
3075023943;02449 AKR 5 GRUDZIEÑ  korekta II;24698;49;606;945;1;1      53383 poz.1;Optifloat Clear 4\AL 16\Argon\Optitherm SI3 4;20942939;;
3075023943;02449 AKR 5 GRUDZIEÑ  korekta II;24698;50;606;945;1;1      53383 poz.1;Optifloat Clear 4\AL 16\Argon\Optitherm SI3 4;20942940;;
3075023943;02449 AKR 5 GRUDZIEÑ  korekta II;24698;52;606;945;1;2      53383 poz.2;Optifloat Clear 4\AL 16\Argon\Optitherm SI3 4;20942942;;
3075023943;02449 AKR 5 GRUDZIEÑ  korekta II;24698;53;606;945;1;2      53383 poz.2;Optifloat Clear 4\AL 16\Argon\Optitherm SI3 4;20942943;;
3075023943;02449 AKR 5 GRUDZIEÑ  korekta II;24698;77;597;1191;1;1      53385 poz.1;Optitherm SI3 4\AL 12\Argon\Optifloat Clear 4\AL 12\Argon\Optitherm SI3 4;20942967;;
